광고 집행 옵션 ID,광고집행 상품명,총 전환 매출액(1일)(원),총 전환 매출액(14일)(원),총 판매 수량(1일),총 판매 수량(14일)
86412001,LED 아토실링팬 방등 50W,22110600,24890500,126,142
86412018,LED 에코 슬림직하엣지 1285x320,19342700,21742090,381,429
86412027,클래식 1로 2구 스위치 16A,16617900,18674130,1218,1369
86412035,LED 십자등 60W 주광색,14304500,16072530,773,868
86412044,클래식 매입접지 2구 콘센트,12517100,14064169,1415,1590
86412052,LED 노출투광등 200W 흑색,10682800,12003110,125,141
86412061,고효율 LED 다운라이트 6인치,9560700,10742500,555,624
86412079,방수형 3구 멀티탭 5M,8606400,9670060,269,302
86412087,스마트 플러그 16A,7693000,8643830,255,287
86412096,LED 센서등 원형 20W,7122700,8003110,315,354
